Franchise,Trainer
Lloyd Pierce,Atlanta Hawks
Brad Stevens,Boston Celtics
Kenny Atkinson,Brooklyn Nets
James Borrego,Charlotte Hornets
Fred Hoiberg,Chicago Bulls
Larry Drew,Cleveland Cavaliers
Rick Carlisle,Dallas Mavericks
Michael Malone,Denver Nuggets
Dwane Casey,Detroit Pistons
Steve Kerr Golden,State Warriors
Mike D'Antoni,Houston Rockets
Nate McMillan,Indiana Pacers
Doc Rivers,LA Clippers
Luke Walton,Los Angeles Lakers
J.B. Bickerstaff,Memphis Grizzlies
Erik Spoelstra,Miami Heat
Mike Budenholzer,Milwaukee Bucks
Tom Thibodeau,Minnesota Timberwolves
Alvin Gentry,New Orleans Pelicans
David Fizdale,New York Knicks
Billy Donovan,Oklahoma City Thunder
Steve Clifford,Orlando Magic
Brett Brown,Philadelphia 76ers
Igor Kokoskov,Phoenix Suns
Terry Stotts,Portland Trail Blazers
David Joerger,Sacramento Kings
Gregg Popovich,San Antonio Spurs
Nick Nurse,Toronto Raptors
Quin Snyder,Utah Jazz
Scott Brooks,Washington Wizards